time,amplitude
0.0000,0.000000
0.0040,0.006346
0.0080,0.010475
0.0120,0.011211
0.0160,0.008907
0.0200,0.005122
0.0240,0.001704
0.0280,-0.000192
0.0320,-0.000596
0.0360,-0.000485
0.0400,-0.000969
0.0440,-0.002437
0.0480,-0.004183
0.0520,-0.004749
0.0560,-0.002811
0.0600,0.001926
0.0640,0.008362
0.0680,0.014410
0.0720,0.017993
0.0760,0.018094
0.0800,0.015281
0.0840,0.011428
0.0880,0.008778
0.0920,0.008879
0.0960,0.011967
0.1000,0.017098
0.1040,0.022919
0.1080,0.028595
0.1120,0.034310
0.1160,0.041080
0.1200,0.049960
0.1240,0.061161
0.1280,0.073606
0.1320,0.085234
0.1360,0.093919
0.1400,0.098505
0.1440,0.099374
0.1480,0.098226
0.1520,0.097175
0.1560,0.097661
0.1600,0.099763
0.1640,0.102277
0.1680,0.103488
0.1720,0.102172
0.1760,0.098251
0.1800,0.092733
0.1840,0.087014
0.1880,0.081957
0.1920,0.077335
0.1960,0.071974
0.2000,0.064530
0.2040,0.054457
0.2080,0.042584
0.2120,0.030934
0.2160,0.021858
0.2200,0.016928
0.2240,0.016201
0.2280,0.018248
0.2320,0.020922
0.2360,0.022438
0.2400,0.022160
0.2440,0.020683
0.2480,0.019187
0.2520,0.018431
0.2560,0.017894
0.2600,0.015473
0.2640,0.007947
0.2680,-0.007656
0.2720,-0.031835
0.2760,-0.060343
0.2800,-0.083178
0.2840,-0.083693
0.2880,-0.032509
0.2920,0.118778
0.2960,0.405315
0.3000,0.757574
0.3040,0.971627
0.3080,0.880819
0.3120,0.549825
0.3160,0.196131
0.3200,-0.038073
0.3240,-0.151448
0.3280,-0.194250
0.3320,-0.200273
0.3360,-0.183137
0.3400,-0.150268
0.3440,-0.109097
0.3480,-0.066865
0.3520,-0.029188
0.3560,0.000557
0.3600,0.021061
0.3640,0.032690
0.3680,0.037161
0.3720,0.037153
0.3760,0.035649
0.3800,0.035084
0.3840,0.036639
0.3880,0.040098
0.3920,0.044378
0.3960,0.048455
0.4000,0.052162
0.4040,0.056384
0.4080,0.062536
0.4120,0.071639
0.4160,0.083539
0.4200,0.096765
0.4240,0.109141
0.4280,0.118848
0.4320,0.125358
0.4360,0.129707
0.4400,0.133975
0.4440,0.140233
0.4480,0.149549
0.4520,0.161577
0.4560,0.174928
0.4600,0.188068
0.4640,0.200202
0.4680,0.211622
0.4720,0.223333
0.4760,0.236202
0.4800,0.250150
0.4840,0.263908
0.4880,0.275517
0.4920,0.283313
0.4960,0.286844
0.5000,0.287195
0.5040,0.286501
0.5080,0.286912
0.5120,0.289548
0.5160,0.294017
0.5200,0.298736
0.5240,0.301850
0.5280,0.302210
0.5320,0.299877
0.5360,0.295868
0.5400,0.291352
0.5440,0.286794
0.5480,0.281575
0.5520,0.274341
0.5560,0.263883
0.5600,0.250033
0.5640,0.234030
0.5680,0.218109
0.5720,0.204502
0.5760,0.194391
0.5800,0.187375
0.5840,0.181751
0.5880,0.175445
0.5920,0.167069
0.5960,0.156542
0.6000,0.144938
0.6040,0.133715
0.6080,0.123781
0.6120,0.114982
0.6160,0.106284
0.6200,0.096559
0.6240,0.085472
0.6280,0.073923
0.6320,0.063745
0.6360,0.056804
0.6400,0.053970
0.6440,0.054573
0.6480,0.056633
0.6520,0.057789
0.6560,0.056401
0.6600,0.052253
0.6640,0.046481
0.6680,0.040805
0.6720,0.036527
0.6760,0.033867
0.6800,0.032008
0.6840,0.029784
0.6880,0.026575
0.6920,0.022854
0.6960,0.020028
0.7000,0.019640
0.7040,0.022403
0.7080,0.027610
0.7120,0.033315
0.7160,0.037204
0.7200,0.037705
0.7240,0.034730
0.7280,0.029655
0.7320,0.024558
0.7360,0.021147
0.7400,0.019979
0.7440,0.020369
0.7480,0.021024
0.7520,0.020959
0.7560,0.020174
0.7600,0.019644
0.7640,0.020661
0.7680,0.023902
0.7720,0.028805
0.7760,0.033656
0.7800,0.036367
0.7840,0.035555
0.7880,0.031298
0.7920,0.025156
0.7960,0.019432
0.8000,0.016051
0.8040,0.015716
0.8080,0.017691
0.8120,0.020412
0.8160,0.022452
0.8200,0.023316
0.8240,0.023597
0.8280,0.024437
0.8320,0.026626
0.8360,0.029919
0.8400,0.032985
0.8440,0.034081
0.8480,0.032046
0.8520,0.027081
0.8560,0.020810
0.8600,0.015590
0.8640,0.013403
0.8680,0.014936
0.8720,0.019343
0.8760,0.024804
0.8800,0.029538
0.8840,0.032719
0.8880,0.034766
0.8920,0.036903
0.8960,0.040262
0.9000,0.045103
0.9040,0.050610
0.9080,0.055411
0.9120,0.058488
0.9160,0.059956
0.9200,0.061199
0.9240,0.064249
0.9280,0.070731
0.9320,0.080932
0.9360,0.093530
0.9400,0.106138
0.9440,0.116363
0.9480,0.122822
0.9520,0.125571
0.9560,0.125746
0.9600,0.124685
0.9640,0.123050
0.9680,0.120482
0.9720,0.115975
0.9760,0.108723
0.9800,0.098911
0.9840,0.087949
0.9880,0.077955
0.9920,0.070757
0.9960,0.066958
1.0000,0.065604
1.0040,0.064662
1.0080,0.062051
1.0120,0.056688
1.0160,0.048975
1.0200,0.040479
1.0240,0.033027
1.0280,0.027730
1.0320,0.024491
1.0360,0.022262
1.0400,0.019852
1.0440,0.016784
1.0480,0.013645
1.0520,0.011658
1.0560,0.011611
1.0600,0.012656
1.0640,0.011735
1.0680,0.004434
1.0720,-0.012426
1.0760,-0.037382
1.0800,-0.062007
1.0840,-0.069233
1.0880,-0.027432
1.0920,0.114839
1.0960,0.395190
1.1000,0.745020
1.1040,0.959696
1.1080,0.870975
1.1120,0.542166
1.1160,0.190388
1.1200,-0.041515
1.1240,-0.151262
1.1280,-0.188864
1.1320,-0.189164
1.1360,-0.167907
1.1400,-0.134738
1.1440,-0.098188
1.1480,-0.064707
1.1520,-0.037392
1.1560,-0.016398
1.1600,-0.000513
1.1640,0.011418
1.1680,0.020012
1.1720,0.025728
1.1760,0.029427
1.1800,0.032494
1.1840,0.036354
1.1880,0.041733
1.1920,0.048201
1.1960,0.054371
1.2000,0.058707
1.2040,0.060507
1.2080,0.060479
1.2120,0.060573
1.2160,0.063098
1.2200,0.069620
1.2240,0.080214
1.2280,0.093483
1.2320,0.107320
1.2360,0.119981
1.2400,0.130865
1.2440,0.140600
1.2480,0.150417
1.2520,0.161225
1.2560,0.172944
1.2600,0.184506
1.2640,0.194522
1.2680,0.202210
1.2720,0.208022
1.2760,0.213561
1.2800,0.220799
1.2840,0.231006
1.2880,0.243993
1.2920,0.258093
1.2960,0.270903
1.3000,0.280401
1.3040,0.285816
1.3080,0.287807
1.3120,0.287884
1.3160,0.287435
1.3200,0.286930
1.3240,0.285769
1.3280,0.282819
1.3320,0.277315
1.3360,0.269548
1.3400,0.260905
1.3440,0.253206
1.3480,0.247698
1.3520,0.244286
1.3560,0.241459
1.3600,0.236988
1.3640,0.229031
1.3680,0.217047
1.3720,0.202038
1.3760,0.185990
1.3800,0.170848
1.3840,0.157613
1.3880,0.146031
1.3920,0.135044
1.3960,0.123669
1.4000,0.111778
1.4040,0.100293
1.4080,0.090660
1.4120,0.083924
1.4160,0.079952
1.4200,0.077292
1.4240,0.073782
1.4280,0.067622
1.4320,0.058300
1.4360,0.046874
1.4400,0.035449
1.4440,0.026127
1.4480,0.020010
1.4520,0.016799
1.4560,0.015156
1.4600,0.013605
1.4640,0.011417
1.4680,0.008956
1.4720,0.007306
1.4760,0.007417
1.4800,0.009292
1.4840,0.011752
1.4880,0.012923
1.4920,0.011223
1.4960,0.006280
1.5000,-0.000752
1.5040,-0.007671
1.5080,-0.012276
1.5120,-0.013407
1.5160,-0.011427
1.5200,-0.007906
1.5240,-0.004700
1.5280,-0.002972
1.5320,-0.002696
1.5360,-0.002900
1.5400,-0.002473
1.5440,-0.001026
1.5480,0.000740
1.5520,0.001376
1.5560,-0.000428
1.5600,-0.004950
1.5640,-0.011062
1.5680,-0.016645
1.5720,-0.019581
1.5760,-0.018800
1.5800,-0.014813
1.5840,-0.009427
1.5880,-0.004812
1.5920,-0.002446
1.5960,-0.002490
1.6000,-0.003945
1.6040,-0.005404
1.6080,-0.006015
1.6120,-0.005973
1.6160,-0.006342
1.6200,-0.008270
1.6240,-0.012105
1.6280,-0.016950
1.6320,-0.020964
1.6360,-0.022272
1.6400,-0.019982
1.6440,-0.014740
1.6480,-0.008493
1.6520,-0.003565
1.6560,-0.001549
1.6600,-0.002611
1.6640,-0.005559
1.6680,-0.008604
1.6720,-0.010374
1.6760,-0.010564
1.6800,-0.009907
1.6840,-0.009474
1.6880,-0.009786
1.6920,-0.010274
1.6960,-0.009440
1.7000,-0.005657
1.7040,0.001847
1.7080,0.012404
1.7120,0.024072
1.7160,0.034500
1.7200,0.042035
1.7240,0.046459
1.7280,0.048975
1.7320,0.051447
1.7360,0.055336
1.7400,0.060935
1.7440,0.067293
1.7480,0.072866
1.7520,0.076451
1.7560,0.077880
1.7600,0.078023
1.7640,0.078136
1.7680,0.078933
1.7720,0.079963
1.7760,0.079682
1.7800,0.076225
1.7840,0.068463
1.7880,0.056744
1.7920,0.042900
1.7960,0.029483
1.8000,0.018648
1.8040,0.011267
1.8080,0.006750
1.8120,0.003624
1.8160,0.000511
1.8200,-0.003075
1.8240,-0.006560
1.8280,-0.008852
1.8320,-0.009220
1.8360,-0.007988
1.8400,-0.006562
1.8440,-0.006776
1.8480,-0.009909
1.8520,-0.015997
1.8560,-0.023949
1.8600,-0.032552
1.8640,-0.041783
1.8680,-0.053283
1.8720,-0.068996
1.8760,-0.088266
1.8800,-0.105013
1.8840,-0.104869
1.8880,-0.058030
1.8920,0.086619
1.8960,0.367590
1.9000,0.717484
1.9040,0.932203
1.9080,0.842968
1.9120,0.511885
1.9160,0.155176
1.9200,-0.083990
1.9240,-0.201509
1.9280,-0.244692
1.9320,-0.246033
1.9360,-0.220473
1.9400,-0.178887
1.9440,-0.132582
1.9480,-0.091092
1.9520,-0.059571
1.9560,-0.038478
1.9600,-0.025341
1.9640,-0.017140
1.9680,-0.011903
1.9720,-0.008953
1.9760,-0.008155
1.9800,-0.008950
1.9840,-0.009896
1.9880,-0.009013
1.9920,-0.004678
1.9960,0.003502
2.0000,0.014381
2.0040,0.025765
2.0080,0.035458
2.0120,0.042301
2.0160,0.046653
2.0200,0.050078
2.0240,0.054419
2.0280,0.060819
2.0320,0.069221
2.0360,0.078619
2.0400,0.087856
2.0440,0.096488
2.0480,0.105152
2.0520,0.115223
2.0560,0.127929
2.0600,0.143457
2.0640,0.160582
2.0680,0.177078
2.0720,0.190718
2.0760,0.200321
2.0800,0.206283
2.0840,0.210296
2.0880,0.214420
2.0920,0.220026
2.0960,0.227176
2.1000,0.234773
2.1040,0.241342
2.1080,0.245953
2.1120,0.248750
2.1160,0.250755
2.1200,0.253092
2.1240,0.256101
2.1280,0.258896
2.1320,0.259662
2.1360,0.256565
2.1400,0.248774
2.1440,0.237009
2.1480,0.223305
2.1520,0.210089
2.1560,0.199071
2.1600,0.190544
2.1640,0.183452
2.1680,0.176156
2.1720,0.167440
2.1760,0.157163
2.1800,0.146224
2.1840,0.135866
2.1880,0.126780
2.1920,0.118557
2.1960,0.109852
2.2000,0.099170
2.2040,0.085843
2.2080,0.070612
2.2120,0.055450
2.2160,0.042688
2.2200,0.033910
2.2240,0.029206
2.2280,0.027196
2.2320,0.025792
2.2360,0.023269
2.2400,0.019052
2.2440,0.013798
2.2480,0.008778
2.2520,0.004942
2.2560,0.002262
2.2600,-0.000270
2.2640,-0.003979
2.2680,-0.009574
2.2720,-0.016524
2.2760,-0.023144
2.2800,-0.027378
2.2840,-0.027868
2.2880,-0.024718
2.2920,-0.019513
2.2960,-0.014575
2.3000,-0.011856
2.3040,-0.012064
2.3080,-0.014487
2.3120,-0.017572
2.3160,-0.019907
2.3200,-0.021005
2.3240,-0.021470
2.3280,-0.022450
2.3320,-0.024740
2.3360,-0.028098
2.3400,-0.031195
2.3440,-0.032285
2.3480,-0.030204
2.3520,-0.025143
2.3560,-0.018713
2.3600,-0.013253
2.3640,-0.010718
2.3680,-0.011762
2.3720,-0.015498
2.3760,-0.020054
2.3800,-0.023592
2.3840,-0.025218
2.3880,-0.025279
2.3920,-0.024925
2.3960,-0.025220
2.4000,-0.026360
2.4040,-0.027490
2.4080,-0.027205
2.4120,-0.024506
2.4160,-0.019555
2.4200,-0.013827
2.4240,-0.009493
2.4280,-0.008358
2.4320,-0.010928
2.4360,-0.016132
2.4400,-0.021848
2.4440,-0.025946
2.4480,-0.027292
2.4520,-0.026147
2.4560,-0.023806
2.4600,-0.021692
2.4640,-0.020477
2.4680,-0.019731
2.4720,-0.018297
2.4760,-0.015145
2.4800,-0.010181
2.4840,-0.004494
2.4880,0.000142
2.4920,0.002241
2.4960,0.001523
2.5000,-0.000776
2.5040,-0.002393
2.5080,-0.001090
2.5120,0.004299
2.5160,0.013372
2.5200,0.024479
2.5240,0.035635
2.5280,0.045501
2.5320,0.053892
2.5360,0.061531
2.5400,0.069266
2.5440,0.077220
2.5480,0.084440
2.5520,0.089260
2.5560,0.090202
2.5600,0.086881
2.5640,0.080390
2.5680,0.072887
2.5720,0.066599
2.5760,0.062766
2.5800,0.061099
2.5840,0.060048
2.5880,0.057711
2.5920,0.052882
2.5960,0.045650
2.6000,0.037241
2.6040,0.029234
2.6080,0.022626
2.6120,0.017312
2.6160,0.012279
2.6200,0.006387
2.6240,-0.000732
2.6280,-0.008228
2.6320,-0.014325
2.6360,-0.017220
2.6400,-0.016101
2.6440,-0.011703
2.6480,-0.006093
2.6520,-0.001827
2.6560,-0.001036
2.6600,-0.005030
2.6640,-0.014573
2.6680,-0.030205
2.6720,-0.051653
2.6760,-0.076137
2.6800,-0.096527
2.6840,-0.098700
2.6880,-0.053794
2.6920,0.088654
2.6960,0.367519
2.7000,0.716770
2.7040,0.933897
2.7080,0.850827
2.7120,0.528739
2.7160,0.181389
2.7200,-0.051090
2.7240,-0.166844
2.7280,-0.213605
2.7320,-0.222291
2.7360,-0.205060
2.7400,-0.170109
2.7440,-0.127299
2.7480,-0.086329
2.7520,-0.053608
2.7560,-0.030903
2.7600,-0.016208
2.7640,-0.005911
2.7680,0.003037
2.7720,0.011865
2.7760,0.019970
2.7800,0.025863
2.7840,0.028445
2.7880,0.027926
2.7920,0.025934
2.7960,0.024811
2.8000,0.026517
2.8040,0.031768
2.8080,0.039856
2.8120,0.049231
2.8160,0.058475
2.8200,0.067097
2.8240,0.075686
2.8280,0.085368
2.8320,0.096914
2.8360,0.110041
2.8400,0.123377
2.8440,0.135120
2.8480,0.144043
2.8520,0.150263
2.8560,0.155308
2.8600,0.161426
2.8640,0.170474
2.8680,0.183001
2.8720,0.198012
2.8760,0.213520
2.8800,0.227575
2.8840,0.239166
2.8880,0.248533
2.8920,0.256716
2.8960,0.264680
2.9000,0.272530
2.9040,0.279325
2.9080,0.283602
2.9120,0.284300
2.9160,0.281542
2.9200,0.276779
2.9240,0.272175
2.9280,0.269543
2.9320,0.269416
2.9360,0.270766
2.9400,0.271529
2.9440,0.269651
2.9480,0.264085
2.9520,0.255197
2.9560,0.244396
2.9600,0.233232
2.9640,0.222516
2.9680,0.211966
2.9720,0.200580
2.9760,0.187493
2.9800,0.172779
2.9840,0.157696
2.9880,0.144188
2.9920,0.133903
2.9960,0.127272
3.0000,0.123191
3.0040,0.119504
3.0080,0.114043
3.0120,0.105673
3.0160,0.094777
3.0200,0.082935
3.0240,0.072006
3.0280,0.063149
3.0320,0.056327
3.0360,0.050552
3.0400,0.044695
3.0440,0.038339
3.0480,0.032161
3.0520,0.027579
3.0560,0.025872
3.0600,0.027285
3.0640,0.030659
3.0680,0.033842
3.0720,0.034684
3.0760,0.032087
3.0800,0.026530
3.0840,0.019794
3.0880,0.014024
3.0920,0.010673
3.0960,0.009883
3.1000,0.010628
3.1040,0.011495
3.1080,0.011610
3.1120,0.011155
3.1160,0.011180
3.1200,0.012824
3.1240,0.016425
3.1280,0.021080
3.1320,0.024944
3.1360,0.026137
3.1400,0.023766
3.1440,0.018480
3.1480,0.012229
3.1520,0.007346
3.1560,0.005438
3.1600,0.006690
3.1640,0.009934
3.1680,0.013417
3.1720,0.015807
3.1760,0.016850
3.1800,0.017338
3.1840,0.018408
3.1880,0.020655
3.1920,0.023581
3.1960,0.025760
3.2000,0.025621
3.2040,0.022447
3.2080,0.016922
3.2120,0.010979
3.2160,0.006917
3.2200,0.006301
3.2240,0.009209
3.2280,0.014257
3.2320,0.019364
3.2360,0.022815
3.2400,0.024057
3.2440,0.023771
3.2480,0.023260
3.2520,0.023514
3.2560,0.024549
3.2600,0.025406
3.2640,0.024820
3.2680,0.022148
3.2720,0.017993
3.2760,0.014121
3.2800,0.012676
3.2840,0.015110
3.2880,0.021418
3.2920,0.030109
3.2960,0.038955
3.3000,0.046085
3.3040,0.050853
3.3080,0.054010
3.3120,0.057108
3.3160,0.061528
3.3200,0.067672
3.3240,0.074809
3.3280,0.081616
3.3320,0.087083
3.3360,0.091208
3.3400,0.095054
3.3440,0.100102
3.3480,0.107263
3.3520,0.116131
3.3560,0.124924
3.3600,0.131200
3.3640,0.132966
3.3680,0.129609
3.3720,0.122122
3.3760,0.112550
3.3800,0.102953
3.3840,0.094480
3.3880,0.087054
3.3920,0.079794
3.3960,0.071890
3.4000,0.063366
3.4040,0.055265
3.4080,0.049119
3.4120,0.046027
3.4160,0.045873
3.4200,0.047194
3.4240,0.047797
3.4280,0.045830
3.4320,0.040723
3.4360,0.033474
3.4400,0.026126
3.4440,0.020720
3.4480,0.018269
3.4520,0.018279
3.4560,0.018921
3.4600,0.017625
3.4640,0.011764
3.4680,-0.000561
3.4720,-0.019293
3.4760,-0.040924
3.4800,-0.057501
3.4840,-0.054917
3.4880,-0.005563
3.4920,0.138969
3.4960,0.415776
3.5000,0.758437
3.5040,0.965931
3.5080,0.873093
3.5120,0.544209
3.5160,0.194984
3.5200,-0.034444
3.5240,-0.143991
3.5280,-0.183929
3.5320,-0.187227
3.5360,-0.166778
3.5400,-0.130227
3.5440,-0.086359
3.5480,-0.044281
3.5520,-0.010868
3.5560,0.010805
3.5600,0.021490
3.5640,0.024635
3.5680,0.024731
3.5720,0.025687
3.5760,0.029685
3.5800,0.036810
3.5840,0.045543
3.5880,0.053845
3.5920,0.060305
3.5960,0.064800
3.6000,0.068365
3.6040,0.072421
3.6080,0.077847
3.6120,0.084462
3.6160,0.091212
3.6200,0.096952
3.6240,0.101330
3.6280,0.105228
3.6320,0.110465
3.6360,0.118883
3.6400,0.131329
3.6440,0.147099
3.6480,0.164181
3.6520,0.180166
3.6560,0.193365
3.6600,0.203503
3.6640,0.211649
3.6680,0.219451
3.6720,0.228134
3.6760,0.237835
3.6800,0.247652
3.6840,0.256331
3.6880,0.263168
3.6920,0.268552
3.6960,0.273812
3.7000,0.280420
3.7040,0.289025
3.7080,0.298866
3.7120,0.307958
3.7160,0.313958
3.7200,0.315281
3.7240,0.311840
3.7280,0.305027
3.7320,0.296952
3.7360,0.289370
3.7400,0.282895
3.7440,0.276918
3.7480,0.270228
3.7520,0.261936
3.7560,0.252143
3.7600,0.241933
3.7640,0.232711
3.7680,0.225267
3.7720,0.219155
3.7760,0.212772
3.7800,0.204142
3.7840,0.191984
3.7880,0.176472
3.7920,0.159257
3.7960,0.142721
3.8000,0.128867
3.8040,0.118445
3.8080,0.110778
3.8120,0.104341
3.8160,0.097738
3.8200,0.090494
3.8240,0.083215
3.8280,0.077044
3.8320,0.072769
3.8360,0.070128
3.8400,0.067775
3.8440,0.063938
3.8480,0.057427
3.8520,0.048401
3.8560,0.038443
3.8600,0.029857
3.8640,0.024567
3.8680,0.023194
3.8720,0.024821
3.8760,0.027545
3.8800,0.029499
3.8840,0.029760
3.8880,0.028652
3.8920,0.027301
3.8960,0.026747
3.9000,0.027169
3.9040,0.027690
3.9080,0.026898
3.9120,0.023774
3.9160,0.018468
3.9200,0.012446
3.9240,0.007869
3.9280,0.006534
3.9320,0.008945
3.9360,0.014026
3.9400,0.019652
3.9440,0.023699
3.9480,0.025033
3.9520,0.023927
3.9560,0.021688
3.9600,0.019758
3.9640,0.018834
3.9680,0.018521
3.9720,0.017702
3.9760,0.015399
3.9800,0.011577
3.9840,0.007391
3.9880,0.004687
3.9920,0.005024
3.9960,0.008754
4.0000,0.014700
4.0040,0.020642
4.0080,0.024371
4.0120,0.024707
4.0160,0.022002
4.0200,0.017814
4.0240,0.013992
4.0280,0.011692
4.0320,0.010882
4.0360,0.010587
4.0400,0.009696
4.0440,0.007820
4.0480,0.005665
4.0520,0.004690
4.0560,0.006217
4.0600,0.010543
4.0640,0.016568
4.0680,0.022203
4.0720,0.025373
4.0760,0.025061
4.0800,0.021834
4.0840,0.017566
4.0880,0.014500
4.0920,0.014187
4.0960,0.016859
4.1000,0.021573
4.1040,0.026978
4.1080,0.032236
4.1120,0.037535
4.1160,0.043887
4.1200,0.052350
4.1240,0.063133
4.1280,0.075159
4.1320,0.086369
4.1360,0.094636
4.1400,0.098804
4.1440,0.099255
4.1480,0.097688
4.1520,0.096219
4.1560,0.096287
4.1600,0.097971
4.1640,0.100066
4.1680,0.100860
4.1720,0.099127
4.1760,0.094788
4.1800,0.088853
4.1840,0.082717
4.1880,0.077244
4.1920,0.072206
4.1960,0.066430
4.2000,0.058570
4.2040,0.048083
4.2080,0.035795
4.2120,0.023731
4.2160,0.014242
4.2200,0.008899
4.2240,0.007760
4.2280,0.009396
4.2320,0.011660
4.2360,0.012766
4.2400,0.012078
4.2440,0.010193
4.2480,0.008290
4.2520,0.007127
4.2560,0.006184
4.2600,0.003358
4.2640,-0.004572
4.2680,-0.020578
4.2720,-0.045159
4.2760,-0.074068
4.2800,-0.097304
4.2840,-0.098217
4.2880,-0.047430
4.2920,0.103460
4.2960,0.389602
4.3000,0.741466
4.3040,0.955126
4.3080,0.863926
4.3120,0.532542
4.3160,0.178459
4.3200,-0.056133
4.3240,-0.169894
4.3280,-0.213081
4.3320,-0.219487
4.3360,-0.202733
4.3400,-0.170244
4.3440,-0.129452
4.3480,-0.087597
4.3520,-0.050296
4.3560,-0.020925
4.3600,-0.000794
4.3640,0.010465
4.3680,0.014567
4.3720,0.014192
4.3760,0.012322
4.3800,0.011394
4.3840,0.012587
4.3880,0.015686
4.3920,0.019608
4.3960,0.023329
4.4000,0.026682
4.4040,0.030552
4.4080,0.036354
4.4120,0.045108
4.4160,0.056663
4.4200,0.069544
4.4240,0.081578
4.4280,0.090946
4.4320,0.097117
4.4360,0.101131
4.4400,0.105066
4.4440,0.110993
4.4480,0.119980
4.4520,0.131682
4.4560,0.144708
4.4600,0.157527
4.4640,0.169342
4.4680,0.180444
4.4720,0.191841
4.4760,0.204398
4.4800,0.218036
4.4840,0.231486
4.4880,0.242791
4.4920,0.250285
4.4960,0.253516
4.5000,0.253570
4.5040,0.252582
4.5080,0.252701
4.5120,0.255048
4.5160,0.259230
4.5200,0.263665
4.5240,0.266498
4.5280,0.266580
4.5320,0.263971
4.5360,0.259689
4.5400,0.254903
4.5440,0.250078
4.5480,0.244594
4.5520,0.237099
4.5560,0.226382
4.5600,0.212277
4.5640,0.196021
4.5680,0.179850
4.5720,0.165996
4.5760,0.155641
4.5800,0.148384
4.5840,0.142522
4.5880,0.135981
4.5920,0.127374
4.5960,0.116617
4.6000,0.104788
4.6040,0.093342
4.6080,0.083189
4.6120,0.074173
4.6160,0.065262
4.6200,0.055327
4.6240,0.044034
4.6280,0.032280
4.6320,0.021903
4.6360,0.014764
4.6400,0.011737
4.6440,0.012149
4.6480,0.014022
4.6520,0.014993
4.6560,0.013425
4.6600,0.009100
4.6640,0.003154
4.6680,-0.002693
4.6720,-0.007139
4.6760,-0.009962
4.6800,-0.011982
4.6840,-0.014363
4.6880,-0.017726
4.6920,-0.021597
4.6960,-0.024571
4.7000,-0.025101
4.7040,-0.022478
4.7080,-0.017408
4.7120,-0.011836
4.7160,-0.008076
4.7200,-0.007701
4.7240,-0.010799
4.7280,-0.015993
4.7320,-0.021206
4.7360,-0.024728
4.7400,-0.026005
4.7440,-0.025719
4.7480,-0.025166
4.7520,-0.025328
4.7560,-0.026208
4.7600,-0.026828
4.7640,-0.025898
4.7680,-0.022740
4.7720,-0.017916
4.7760,-0.013142
4.7800,-0.010503
4.7840,-0.011384
4.7880,-0.015707
4.7920,-0.021910
4.7960,-0.027692
4.8000,-0.031122
4.8040,-0.031513
4.8080,-0.029584
4.8120,-0.026906
4.8160,-0.024906
4.8200,-0.024079
4.8240,-0.023830
4.8280,-0.023019
4.8320,-0.020854
4.8360,-0.017583
4.8400,-0.014534
4.8440,-0.013452
4.8480,-0.015497
4.8520,-0.020469
4.8560,-0.026743
4.8600,-0.031961
4.8640,-0.034144
4.8680,-0.032604
4.8720,-0.028184
4.8760,-0.022708
4.8800,-0.017954
4.8840,-0.014751
4.8880,-0.012677
4.8920,-0.010510
4.8960,-0.007117
4.9000,-0.002239
4.9040,0.003310
4.9080,0.008155
4.9120,0.011281
4.9160,0.012801
4.9200,0.014099
4.9240,0.017209
4.9280,0.023754
4.9320,0.034022
4.9360,0.046690
4.9400,0.059372
4.9440,0.069675
4.9480,0.076215
4.9520,0.079049
4.9560,0.079312
4.9600,0.078343
4.9640,0.076804
4.9680,0.074335
4.9720,0.069931
4.9760,0.062785
4.9800,0.053083
4.9840,0.042235
4.9880,0.032358
4.9920,0.025280
4.9960,0.021605
5.0000,0.020379
5.0040,0.019568
5.0080,0.017091
5.0120,0.011866
5.0160,0.004294
5.0200,-0.004057
5.0240,-0.011360
5.0280,-0.016506
5.0320,-0.019589
5.0360,-0.021660
5.0400,-0.023907
5.0440,-0.026810
5.0480,-0.029780
5.0520,-0.031596
5.0560,-0.031467
5.0600,-0.030243
5.0640,-0.030982
5.0680,-0.038098
5.0720,-0.054769
5.0760,-0.079533
5.0800,-0.103963
5.0840,-0.110990
5.0880,-0.068987
5.0920,0.073489
5.0960,0.354048
5.1000,0.704090
5.1040,0.918980
5.1080,0.830477
5.1120,0.501888
5.1160,0.150334
5.1200,-0.081342
5.1240,-0.190858
5.1280,-0.228228
5.1320,-0.228292
5.1360,-0.206796
5.1400,-0.173384
5.1440,-0.136588
5.1480,-0.102859
5.1520,-0.075293
5.1560,-0.054045
5.1600,-0.037903
5.1640,-0.025712
5.1680,-0.016855
5.1720,-0.010874
5.1760,-0.006906
5.1800,-0.003569
5.1840,0.000565
5.1880,0.006222
5.1920,0.012969
5.1960,0.019422
5.2000,0.024043
5.2040,0.026130
5.2080,0.026393
5.2120,0.026779
5.2160,0.029600
5.2200,0.036421
5.2240,0.047315
5.2280,0.060887
5.2320,0.075030
5.2360,0.088000
5.2400,0.099194
5.2440,0.109242
5.2480,0.119375
5.2520,0.130501
5.2560,0.142541
5.2600,0.154426
5.2640,0.164766
5.2680,0.172782
5.2720,0.178924
5.2760,0.184795
5.2800,0.192367
5.2840,0.202910
5.2880,0.216236
5.2920,0.230676
5.2960,0.243829
5.3000,0.253672
5.3040,0.259434
5.3080,0.261774
5.3120,0.262203
5.3160,0.262106
5.3200,0.261957
5.3240,0.261152
5.3280,0.258561
5.3320,0.253418
5.3360,0.246014
5.3400,0.237735
5.3440,0.230402
5.3480,0.225262
5.3520,0.222219
5.3560,0.219764
5.3600,0.215666
5.3640,0.208084
5.3680,0.196476
5.3720,0.181845
5.3760,0.166176
5.3800,0.151416
5.3840,0.138563
5.3880,0.127365
5.3920,0.116764
5.3960,0.105775
5.4000,0.094273
5.4040,0.083178
5.4080,0.073935
5.4120,0.067591
5.4160,0.064013
5.4200,0.061747
5.4240,0.058634
5.4280,0.052871
5.4320,0.043947
5.4360,0.032921
5.4400,0.021896
5.4440,0.012975
5.4480,0.007261
5.4520,0.004453
5.4560,0.003214
5.4600,0.002069
5.4640,0.000287
5.4680,-0.001767
5.4720,-0.003009
5.4760,-0.002490
5.4800,-0.000204
5.4840,0.002666
5.4880,0.004247
5.4920,0.002959
5.4960,-0.001572
5.5000,-0.008190
5.5040,-0.014696
5.5080,-0.018888
5.5120,-0.019604
5.5160,-0.017209
5.5200,-0.013272
5.5240,-0.009651
5.5280,-0.007507
5.5320,-0.006814
5.5360,-0.006601
5.5400,-0.005757
5.5440,-0.003892
5.5480,-0.001709
5.5520,-0.000655
5.5560,-0.002041
5.5600,-0.006145
5.5640,-0.011839
5.5680,-0.017004
5.5720,-0.019521
5.5760,-0.018322
5.5800,-0.013917
5.5840,-0.008112
5.5880,-0.003080
5.5920,-0.000295
5.5960,0.000078
5.6000,-0.000955
5.6040,-0.002001
5.6080,-0.002194
5.6120,-0.001736
5.6160,-0.001689
5.6200,-0.003201
5.6240,-0.006620
5.6280,-0.011049
5.6320,-0.014649
5.6360,-0.015542
5.6400,-0.012838
5.6440,-0.007183
5.6480,-0.000524
5.6520,0.004817
5.6560,0.007244
5.6600,0.006592
5.6640,0.004055
5.6680,0.001419
5.6720,0.000058
5.6760,0.000275
5.6800,0.001339
5.6840,0.002179
5.6880,0.002271
5.6920,0.002187
5.6960,0.003425
5.7000,0.007610
5.7040,0.015515
5.7080,0.026473
5.7120,0.038539
5.7160,0.049365
5.7200,0.057297
5.7240,0.062116
5.7280,0.065027
5.7320,0.067892
5.7360,0.072173
5.7400,0.078162
5.7440,0.084910
5.7480,0.090870
5.7520,0.094842
5.7560,0.096656
5.7600,0.097183
5.7640,0.097677
5.7680,0.098855
5.7720,0.100264
5.7760,0.100360
5.7800,0.097279
5.7840,0.089891
5.7880,0.078545
5.7920,0.065072
5.7960,0.052025
5.8000,0.041557
5.8040,0.034542
5.8080,0.030388
5.8120,0.027624
5.8160,0.024872
5.8200,0.021644
5.8240,0.018515
5.8280,0.016578
5.8320,0.016562
5.8360,0.018145
5.8400,0.019920
5.8440,0.020052
5.8480,0.017262
5.8520,0.011517
5.8560,0.003905
5.8600,-0.004360
5.8640,-0.013256
5.8680,-0.024421
5.8720,-0.039803
5.8760,-0.058744
5.8800,-0.075164
5.8840,-0.074696
5.8880,-0.027535
5.8920,0.117434
5.8960,0.398723
5.9000,0.748931
5.9040,0.963962
5.9080,0.875038
5.9120,0.544263
5.9160,0.187859
5.9200,-0.051005
5.9240,-0.168224
5.9280,-0.211110
5.9320,-0.212156
5.9360,-0.186303
5.9400,-0.144428
5.9440,-0.097836
5.9480,-0.056061
5.9520,-0.024259
5.9560,-0.002887
5.9600,0.010526
5.9640,0.019000
5.9680,0.024508
5.9720,0.027725
5.9760,0.028788
5.9800,0.028255
5.9840,0.027568
5.9880,0.028707
5.9920,0.033296
5.9960,0.041726
6.0000,0.052852
6.0040,0.064480
6.0080,0.074415
6.0120,0.081496
6.0160,0.086084
6.0200,0.089741
6.0240,0.094311
6.0280,0.100937
6.0320,0.109562
6.0360,0.119180
6.0400,0.128634
6.0440,0.137479
6.0480,0.146354
6.0520,0.156632
6.0560,0.169542
6.0600,0.185271
6.0640,0.202593
6.0680,0.219284
6.0720,0.233115
6.0760,0.242906
6.0800,0.249052
6.0840,0.253246
6.0880,0.257549
6.0920,0.263329
6.0960,0.270650
6.1000,0.278415
6.1040,0.285148
6.1080,0.289920
6.1120,0.292875
6.1160,0.295034
6.1200,0.297522
6.1240,0.300679
6.1280,0.303617
6.1320,0.304523
6.1360,0.301564
6.1400,0.293906
6.1440,0.282271
6.1480,0.268694
6.1520,0.255601
6.1560,0.244702
6.1600,0.236291
6.1640,0.229311
6.1680,0.222125
6.1720,0.213513
6.1760,0.203338
6.1800,0.192498
6.1840,0.182234
6.1880,0.173239
6.1920,0.165104
6.1960,0.156482
6.2000,0.145880
6.2040,0.132630
6.2080,0.117472
6.2120,0.102379
6.2160,0.089684
6.2200,0.080967
6.2240,0.076322
6.2280,0.074367
6.2320,0.073014
6.2360,0.070538
6.2400,0.066365
6.2440,0.061151
6.2480,0.056167
6.2520,0.052364
6.2560,0.049714
6.2600,0.047206
6.2640,0.043519
6.2680,0.037943
6.2720,0.031008
6.2760,0.024398
6.2800,0.020171
6.2840,0.019685
6.2880,0.022834
6.2920,0.028036
6.2960,0.032966
6.3000,0.035673
6.3040,0.035450
6.3080,0.033009
6.3120,0.029901
6.3160,0.027540
6.3200,0.026412
6.3240,0.025914
6.3280,0.024898
6.3320,0.022566
6.3360,0.019164
6.3400,0.016019
6.3440,0.014878
6.3480,0.016903
6.3520,0.021906
6.3560,0.028273
6.3600,0.033667
6.3640,0.036132
6.3680,0.035015
6.3720,0.031201
6.3760,0.026564
6.3800,0.022942
6.3840,0.021229
6.3880,0.021076
6.3920,0.021334
6.3960,0.020941
6.4000,0.019694
6.4040,0.018463
6.4080,0.018638
6.4120,0.021225
6.4160,0.026059
6.4200,0.031667
6.4240,0.035878
6.4280,0.036886
6.4320,0.034185
6.4360,0.028847
6.4400,0.022994
6.4440,0.018755
6.4480,0.017265
6.4520,0.018261
6.4560,0.020451
6.4600,0.022411
6.4640,0.023467
6.4680,0.024052
6.4720,0.025321
6.4760,0.028305
6.4800,0.033097
6.4840,0.038610
6.4880,0.043067
6.4920,0.044984
6.4960,0.044081
6.5000,0.041594
6.5040,0.039785
6.5080,0.040894
6.5120,0.046084
6.5160,0.054956
6.5200,0.065859
6.5240,0.076807
6.5280,0.086463
6.5320,0.094639
6.5360,0.102061
6.5400,0.109575
6.5440,0.117306
6.5480,0.124299
6.5520,0.128890
6.5560,0.129599
6.5600,0.126042
6.5640,0.119312
6.5680,0.111567
6.5720,0.105035
6.5760,0.100954
6.5800,0.099037
6.5840,0.097732
6.5880,0.095138
6.5920,0.090050
6.5960,0.082555
6.6000,0.073881
6.6040,0.065606
6.6080,0.058727
6.6120,0.053140
6.6160,0.047830
6.6200,0.041659
6.6240,0.034258
6.6280,0.026477
6.6320,0.020093
6.6360,0.016908
6.6400,0.017735
6.6440,0.021838
6.6480,0.027150
6.6520,0.031115
6.6560,0.031603
6.6600,0.027303
6.6640,0.017453
6.6680,0.001510
6.6720,-0.020251
6.6760,-0.045050
6.6800,-0.065757
6.6840,-0.068250
6.6880,-0.023667
6.6920,0.118456
6.6960,0.396994
6.7000,0.745915
6.7040,0.962711
6.7080,0.879307
6.7120,0.556882
6.7160,0.209194
6.7200,-0.023625
6.7240,-0.139721
6.7280,-0.186827
6.7320,-0.195860
6.7360,-0.178978
6.7400,-0.144377
6.7440,-0.101920
6.7480,-0.061305
6.7520,-0.028940
6.7560,-0.006594
6.7600,0.007741
6.7640,0.017676
6.7680,0.026259
6.7720,0.034721
6.7760,0.042459
6.7800,0.047982
6.7840,0.050193
6.7880,0.049301
6.7920,0.046935
6.7960,0.045435
6.8000,0.046764
6.8040,0.051636
6.8080,0.059343
6.8120,0.068335
6.8160,0.077196
6.8200,0.085433
6.8240,0.093635
6.8280,0.102929
6.8320,0.114085
6.8360,0.126821
6.8400,0.139766
6.8440,0.151116
6.8480,0.159644
6.8520,0.165468
6.8560,0.170116
6.8600,0.175836
6.8640,0.184485
6.8680,0.196612
6.8720,0.211221
6.8760,0.226327
6.8800,0.239978
6.8840,0.251166
6.8880,0.260127
6.8920,0.267905
6.8960,0.275461
6.9000,0.282903
6.9040,0.289290
6.9080,0.293157
6.9120,0.293445
6.9160,0.290277
6.9200,0.285102
6.9240,0.280086
6.9280,0.277040
6.9320,0.276501
6.9360,0.277437
6.9400,0.277785
6.9440,0.275493
6.9480,0.269511
6.9520,0.260208
6.9560,0.248990
6.9600,0.237410
6.9640,0.226277
6.9680,0.215310
6.9720,0.203506
6.9760,0.190002
6.9800,0.174870
6.9840,0.159368
6.9880,0.145443
6.9920,0.134739
6.9960,0.127690
7.0000,0.123191
7.0040,0.119086
7.0080,0.113206
7.0120,0.104418
7.0160,0.093104
7.0200,0.080844
7.0240,0.069497
7.0280,0.060223
7.0320,0.052983
7.0360,0.046791
7.0400,0.040517
7.0440,0.033745
7.0480,0.027151
7.0520,0.022153
7.0560,0.020031
7.0600,0.021029
7.0640,0.023989
7.0680,0.026758
7.0720,0.027186
7.0760,0.024176
7.0800,0.018208
7.0840,0.011060
7.0880,0.004879
7.0920,0.001118
7.0960,-0.000082
7.1000,0.000255
7.1040,0.000714
7.1080,0.000422
7.1120,-0.000440
7.1160,-0.000820
7.1200,0.000420
7.1240,0.003618
7.1280,0.007871
7.1320,0.011333
7.1360,0.012126
7.1400,0.009356
7.1440,0.003672
7.1480,-0.002976
7.1520,-0.008255
7.1560,-0.010558
7.1600,-0.009699
7.1640,-0.006847
7.1680,-0.003754
7.1720,-0.001754
7.1760,-0.001098
7.1800,-0.000998
7.1840,-0.000312
7.1880,0.001550
7.1920,0.004094
7.1960,0.005892
7.2000,0.005379
7.2040,0.001822
7.2080,-0.004078
7.2120,-0.010397
7.2160,-0.014831
7.2200,-0.015818
7.2240,-0.013280
7.2280,-0.008599
7.2320,-0.003859
7.2360,-0.000771
7.2400,0.000108
7.2440,-0.000538
7.2480,-0.001407
7.2520,-0.001510
7.2560,-0.000830
7.2600,-0.000326
7.2640,-0.001263
7.2680,-0.004283
7.2720,-0.008785
7.2760,-0.013002
7.2800,-0.014789
7.2840,-0.012695
7.2880,-0.006726
7.2920,0.001629
7.2960,0.010141
7.3000,0.016939
7.3040,0.021378
7.3080,0.024208
7.3120,0.026982
7.3160,0.031079
7.3200,0.036902
7.3240,0.043722
7.3280,0.050214
7.3320,0.055368
7.3360,0.059182
7.3400,0.062720
7.3440,0.067462
7.3480,0.074321
7.3520,0.082888
7.3560,0.091384
7.3600,0.097364
7.3640,0.098838
7.3680,0.095191
7.3720,0.087416
7.3760,0.077560
7.3800,0.067681
7.3840,0.058929
7.3880,0.051226
7.3920,0.043693
7.3960,0.035518
7.4000,0.026726
7.4040,0.018359
7.4080,0.011951
7.4120,0.008599
7.4160,0.008190
7.4200,0.009257
7.4240,0.009609
7.4280,0.007394
7.4320,0.002042
7.4360,-0.005449
7.4400,-0.013035
7.4440,-0.018678
7.4480,-0.021360
7.4520,-0.021580
7.4560,-0.021165
7.4600,-0.022684
7.4640,-0.028766
7.4680,-0.041308
7.4720,-0.060254
7.4760,-0.082096
7.4800,-0.098881
7.4840,-0.096501
7.4880,-0.047348
7.4920,0.096986
7.4960,0.373598
7.5000,0.716067
7.5040,0.923373
7.5080,0.830350
7.5120,0.501284
7.5160,0.151881
7.5200,-0.077722
7.5240,-0.187441
7.5280,-0.227547
7.5320,-0.231010
7.5360,-0.210723
7.5400,-0.174329
7.5440,-0.130616
7.5480,-0.088690
7.5520,-0.055424
7.5560,-0.033896
7.5600,-0.023352
7.5640,-0.020344
7.5680,-0.020383
7.5720,-0.019557
7.5760,-0.015686
7.5800,-0.008684
7.5840,-0.000071
7.5880,0.008114
7.5920,0.014461
7.5960,0.018847
7.6000,0.022306
7.6040,0.026260
7.6080,0.031587
7.6120,0.038107
7.6160,0.044766
7.6200,0.050418
7.6240,0.054711
7.6280,0.058529
7.6320,0.063689
7.6360,0.072033
7.6400,0.084409
7.6440,0.100114
7.6480,0.117132
7.6520,0.133059
7.6560,0.146202
7.6600,0.156289
7.6640,0.164387
7.6680,0.172145
7.6720,0.180787
7.6760,0.190451
7.6800,0.200234
7.6840,0.208883
7.6880,0.215694
7.6920,0.221057
7.6960,0.226298
7.7000,0.232891
7.7040,0.241484
7.7080,0.251318
7.7120,0.260405
7.7160,0.266406
7.7200,0.267732
7.7240,0.264298
7.7280,0.257496
7.7320,0.249435
7.7360,0.241871
7.7400,0.235418
7.7440,0.229467
7.7480,0.222806
7.7520,0.214547
7.7560,0.204790
7.7600,0.194621
7.7640,0.185442
7.7680,0.178046
7.7720,0.171985
7.7760,0.165657
7.7800,0.157085
7.7840,0.144989
7.7880,0.129542
7.7920,0.112397
7.7960,0.095934
7.8000,0.082157
7.8040,0.071815
7.8080,0.064231
7.8120,0.057882
7.8160,0.051370
7.8200,0.044220
7.8240,0.037039
7.8280,0.030970
7.8320,0.026800
7.8360,0.024268
7.8400,0.022028
7.8440,0.018307
7.8480,0.011915
7.8520,0.003013
7.8560,-0.006819
7.8600,-0.015275
7.8640,-0.020432
7.8680,-0.021667
7.8720,-0.019900
7.8760,-0.017032
7.8800,-0.014931
7.8840,-0.014519
7.8880,-0.015473
7.8920,-0.016667
7.8960,-0.017059
7.9000,-0.016472
7.9040,-0.015784
7.9080,-0.016405
7.9120,-0.019354
7.9160,-0.024482
7.9200,-0.030324
7.9240,-0.034716
7.9280,-0.035863
7.9320,-0.033261
7.9360,-0.027986
7.9400,-0.022162
7.9440,-0.017915
7.9480,-0.016376
7.9520,-0.017275
7.9560,-0.019304
7.9600,-0.021020
7.9640,-0.021727
7.9680,-0.021820
7.9720,-0.022416
7.9760,-0.024493
7.9800,-0.028085
7.9840,-0.032040
7.9880,-0.034508
7.9920,-0.033932
7.9960,-0.029962
